<xml xmlns:o="urn:schemas-microsoft-com:office:office">
 <o:MainFile HRef="../doc_es.html"/>
 <o:File HRef="themedata.thmx"/>
 <o:File HRef="colorschememapping.xml"/>
 <o:File HRef="image001.png"/>
 <o:File HRef="image002.jpg"/>
 <o:File HRef="image003.png"/>
 <o:File HRef="image004.jpg"/>
 <o:File HRef="image005.png"/>
 <o:File HRef="image006.jpg"/>
 <o:File HRef="image007.png"/>
 <o:File HRef="image008.jpg"/>
 <o:File HRef="image013.png"/>
 <o:File HRef="image019.jpg"/>
 <o:File HRef="image015.png"/>
 <o:File HRef="image020.jpg"/>
 <o:File HRef="image017.png"/>
 <o:File HRef="image021.jpg"/>
 <o:File HRef="filelist.xml"/>
</xml>